Threshold,F1,Precision,Recall,Predicted_Positive,TP,FP,FN
0.001,0.014384070533458814,0.007244785949506037,0.9877551020408163,100210,726,99484,9
0.0015,0.016458452722063036,0.008299138877651274,0.9768707482993197,86515,718,85797,17
0.002,0.01848501533862975,0.009332433183749652,0.9591836734693877,75543,705,74838,30
0.0025,0.020517874742406593,0.010372786157539522,0.9346938775510204,66231,687,65544,48
0.003,0.022574049980568743,0.011428962496578154,0.908843537414966,58448,668,57780,67
0.0035,0.024556823126548992,0.012451555964851695,0.8829931972789116,52122,649,51473,86
0.004,0.026135263667354067,0.01327291769081155,0.8448979591836735,46787,621,46166,114
0.0045,0.027976562680932862,0.014230515502780134,0.8217687074829932,42444,604,41840,131
0.005,0.02948390522669229,0.015021127486344429,0.7931972789115647,38812,583,38229,152
0.0055,0.031132257088638926,0.015887273339695727,0.7700680272108843,35626,566,35060,169
0.006,0.03264430809555013,0.016687475258077285,0.745578231292517,32839,548,32291,187
0.0065,0.034210018648318435,0.017519017354364935,0.7238095238095238,30367,532,29835,203
0.007,0.035682241700600456,0.01830542081223666,0.7034013605442176,28243,517,27726,218
0.0075,0.03743018826053186,0.01923808075431526,0.6884353741496598,26302,506,25796,229
0.008,0.03892156475743102,0.02004227986015123,0.6707482993197279,24598,493,24105,242
0.0085,0.040874805107243686,0.021090624456427204,0.6598639455782312,22996,485,22511,250
0.009,0.042047449691622024,0.02174317906695223,0.6353741496598639,21478,467,21011,268
0.0095,0.04331991566034119,0.022450702826205732,0.6149659863945578,20133,452,19681,283
0.01,0.04466602228213868,0.023200507345946517,0.5972789115646259,18922,439,18483,296
0.0105,0.04553528176974003,0.02370544720914593,0.5755102040816327,17844,423,17421,312
0.011,0.04677428555130911,0.024410573946177662,0.5578231292517006,16796,410,16386,325
0.0115,0.047636275928605885,0.02492270805729068,0.5374149659863946,15849,395,15454,340
0.012,0.048994655128531434,0.025699219010746947,0.5238095238095238,14981,385,14596,350
0.0125,0.05011389521640091,0.02635473187231344,0.508843537414966,14191,374,13817,361
0.013,0.05181638974936638,0.027321998663597892,0.5006802721088436,13469,368,13101,367
0.0135,0.052949852507374634,0.027992202729044836,0.4884353741496599,12825,359,12466,376
0.014,0.05417572182552002,0.0287266441682443,0.4748299319727891,12149,349,11800,386
0.0145,0.055238715985008964,0.029378628997313458,0.46122448979591835,11539,339,11200,396
0.015,0.056357270941849544,0.030065597667638486,0.4489795918367347,10976,330,10646,405
0.0155,0.05796582878611683,0.031022596706242817,0.44081632653061226,10444,324,10120,411
0.016,0.05985783763561541,0.03213819423521141,0.43537414965986393,9957,320,9637,415
0.0165,0.06124251643929728,0.03300190395599746,0.42448979591836733,9454,312,9142,423
0.017,0.06209652628343068,0.03357712765957447,0.4122448979591837,9024,303,8721,432
0.0175,0.06316240231238625,0.03427841041134092,0.4013605442176871,8606,295,8311,440
0.018,0.06453774006252791,0.03515387422454689,0.39319727891156464,8221,289,7932,446
0.0185,0.06568832983927324,0.03591899121131066,0.3836734693877551,7851,282,7569,453
0.019,0.06614974557790163,0.03630801968346855,0.37142857142857144,7519,273,7246,462
0.0195,0.06571356909957361,0.036192844315513194,0.3564625850340136,7239,262,6977,473
0.02,0.06644951140065146,0.03674351585014409,0.3469387755102041,6940,255,6685,480
0.0205,0.06655844155844155,0.036953582694907616,0.3346938775510204,6657,246,6411,489
0.021,0.0685506435366536,0.03820364883829721,0.3333333333333333,6413,245,6168,490
0.0215,0.06887570539719289,0.03853626943005181,0.3238095238095238,6176,238,5938,497
0.022,0.06968013215197477,0.03916272788656313,0.31564625850340133,5924,232,5692,503
0.0225,0.07153965785381027,0.04038630377524144,0.3129251700680272,5695,230,5465,505
0.023,0.07091055600322321,0.04021937842778794,0.29931972789115646,5470,220,5250,515
0.0235,0.07182228161015533,0.040936785986290934,0.2925170068027211,5252,215,5037,520
0.024,0.0734103050146476,0.0420284135753749,0.2897959183673469,5068,213,4855,522
0.0245,0.07329281372899535,0.0421897509775674,0.2789115646258503,4859,205,4654,530
0.025,0.07449751060298727,0.04308873720136519,0.2748299319727891,4688,202,4486,533
0.0255,0.075414206817749,0.04384410983170948,0.2693877551020408,4516,198,4318,537
0.026,0.07550137632717263,0.04412778671569754,0.2612244897959184,4351,192,4159,543
0.0265,0.07711038961038962,0.045313617934652994,0.2585034013605442,4193,190,4003,545
0.027,0.07708420611646419,0.04555583065115128,0.2503401360544218,4039,184,3855,551
0.0275,0.07802340702210664,0.04640371229698376,0.24489795918367346,3879,180,3699,555
0.028,0.07898824051475482,0.047189819724284196,0.24217687074829933,3772,178,3594,557
0.0285,0.07913998170173833,0.047566675831729445,0.23537414965986395,3637,173,3464,562
0.029,0.07934272300469483,0.04794326241134752,0.22993197278911565,3525,169,3356,566
0.0295,0.08094435075885328,0.04918032786885246,0.22857142857142856,3416,168,3248,567
0.03,0.08267326732673268,0.05052950075642965,0.2272108843537415,3305,167,3138,568
0.0305,0.0828883803712179,0.05096935584740463,0.2217687074829932,3198,163,3035,572
0.031,0.08335504037509768,0.05154639175257732,0.21768707482993196,3104,160,2944,575
0.0315,0.08413719185423366,0.05238571905238572,0.21360544217687075,2997,157,2840,578
0.032,0.08484848484848485,0.05319516407599309,0.20952380952380953,2895,154,2741,581
0.0325,0.08523849844764324,0.053774928774928774,0.2054421768707483,2808,151,2657,584
0.033,0.08529155787641428,0.05420353982300885,0.2,2712,147,2565,588
0.0335,0.0861812778603269,0.055133079847908745,0.19727891156462585,2630,145,2485,590
0.034,0.08754208754208755,0.056477093206951025,0.1945578231292517,2532,143,2389,592
0.0345,0.08720200752823086,0.05666530778638402,0.1891156462585034,2453,139,2314,596
0.035,0.08740359897172237,0.05721497686159024,0.18503401360544217,2377,136,2241,599
0.0355,0.08890352321369772,0.058644656820156384,0.1836734693877551,2302,135,2167,600
0.036,0.0878081729145559,0.05840071877807727,0.17687074829931973,2226,130,2096,605
0.0365,0.08895066018068103,0.059729351376574896,0.17414965986394557,2143,128,2015,607
0.037,0.08863473909935668,0.060106640814348036,0.16870748299319727,2063,124,1939,611
0.0375,0.08895370032810791,0.060756972111553786,0.16598639455782313,2008,122,1886,613
0.038,0.08958566629339305,0.06172839506172839,0.16326530612244897,1944,120,1824,615
0.0385,0.08948374760994264,0.06223404255319149,0.15918367346938775,1880,117,1763,618
0.039,0.0906958561376075,0.06363137685134394,0.15782312925170067,1823,116,1707,619
0.0395,0.08876449420231908,0.06285390713476784,0.1510204081632653,1766,111,1655,624
0.04,0.08809135399673736,0.0629004076878276,0.1469387755102041,1717,108,1609,627
0.0405,0.08652246256239601,0.06231276213301378,0.1414965986394558,1669,104,1565,631
0.041,0.0858843537414966,0.06246134817563389,0.13741496598639455,1617,101,1516,634
0.0415,0.08518035636679705,0.06257982120051085,0.13333333333333333,1566,98,1468,637
0.042,0.08344429649356414,0.061923583662714096,0.12789115646258503,1518,94,1424,641
0.0425,0.08280254777070063,0.06220095693779904,0.12380952380952381,1463,91,1372,644
0.043,0.08337193144974525,0.06320224719101124,0.12244897959183673,1424,90,1334,645
0.0435,0.08199811498586239,0.06272530641672674,0.11836734693877551,1387,87,1300,648
0.044,0.0815347721822542,0.06296296296296296,0.11564625850340136,1350,85,1265,650
0.0445,0.08191126279863481,0.06382978723404255,0.11428571428571428,1316,84,1232,651
0.045,0.08238213399503722,0.06484375,0.11292517006802721,1280,83,1197,652
0.0455,0.08350100603621731,0.06624102154828412,0.11292517006802721,1253,83,1170,652
0.046,0.08354822073233625,0.06727574750830564,0.11020408163265306,1204,81,1123,654
0.0465,0.08293963254593176,0.06752136752136752,0.10748299319727891,1170,79,1091,656
0.047,0.08132691278758694,0.06701940035273368,0.10340136054421768,1134,76,1058,659
0.0475,0.08306010928961749,0.06940639269406393,0.10340136054421768,1095,76,1019,659
0.048,0.08310249307479224,0.07009345794392523,0.10204081632653061,1070,75,995,660
0.0485,0.08291316526610644,0.07047619047619047,0.10068027210884353,1050,74,976,661
0.049,0.08257918552036199,0.07066795740561471,0.09931972789115646,1033,73,960,662
0.0495,0.08381171067738231,0.07249255213505462,0.09931972789115646,1007,73,934,662
0.05,0.08275058275058275,0.07237512742099898,0.09659863945578231,981,71,910,664
0.0505,0.08397397989355411,0.07426778242677824,0.09659863945578231,956,71,885,664
0.051,0.08533653846153846,0.07642626480086114,0.09659863945578231,929,71,858,664
0.0515,0.08302808302808302,0.0753045404208195,0.09251700680272108,903,68,835,667
0.052,0.08312655086848635,0.07639680729760548,0.09115646258503401,877,67,810,668
0.0525,0.08233058898036733,0.07701421800947868,0.08843537414965986,844,65,779,670
0.053,0.08354755784061697,0.07917174177831912,0.08843537414965986,821,65,756,670
0.0535,0.08306294613887086,0.0794044665012407,0.08707482993197278,806,64,742,671
0.054,0.084155161078238,0.08142493638676845,0.08707482993197278,786,64,722,671
0.0545,0.08493696084936961,0.08290155440414508,0.08707482993197278,772,64,708,671
0.055,0.08490566037735849,0.08411214953271028,0.08571428571428572,749,63,686,672
0.0555,0.08435374149659863,0.08435374149659863,0.08435374149659863,735,62,673,673
0.056,0.08402203856749312,0.08507670850767085,0.08299319727891157,717,61,656,674
0.0565,0.0847810979847116,0.08664772727272728,0.08299319727891157,704,61,643,674
0.057,0.08603667136812412,0.08931185944363104,0.08299319727891157,683,61,622,674
0.0575,0.08540925266903915,0.08955223880597014,0.08163265306122448,670,60,610,675
0.058,0.08507570295602018,0.09049079754601227,0.08027210884353742,652,59,593,676
0.0585,0.08284883720930232,0.08892355694227769,0.07755102040816327,641,57,584,678
0.059,0.08124076809453472,0.0888529886914378,0.07482993197278912,619,55,564,680
0.0595,0.08196721311475409,0.09060955518945635,0.07482993197278912,607,55,552,680
0.06,0.08181818181818182,0.09230769230769231,0.07346938775510205,585,54,531,681
0.0605,0.08103975535168195,0.0924956369982548,0.07210884353741497,573,53,520,682
0.061,0.080370942812983,0.09302325581395349,0.0707482993197279,559,52,507,683
0.0615,0.07956318252730109,0.09323583180987204,0.06938775510204082,547,51,496,684
0.062,0.07886435331230283,0.09380863039399624,0.06802721088435375,533,50,483,685
0.0625,0.07974481658692185,0.09633911368015415,0.06802721088435375,519,50,469,685
0.063,0.07909604519774012,0.09722222222222222,0.06666666666666667,504,49,455,686
0.0635,0.07986960065199673,0.09959349593495935,0.06666666666666667,492,49,443,686
0.064,0.08032786885245902,0.10103092783505155,0.06666666666666667,485,49,436,686
0.0645,0.07960199004975124,0.10191082802547771,0.0653061224489796,471,48,423,687
0.065,0.07711651299245599,0.10043668122270742,0.06258503401360545,458,46,412,689
0.0655,0.0759493670886076,0.1,0.061224489795918366,450,45,405,690
0.066,0.07482993197278912,0.09977324263038549,0.05986394557823129,441,44,397,691
0.0665,0.07534246575342465,0.10161662817551963,0.05986394557823129,433,44,389,691
0.067,0.07586206896551724,0.10352941176470588,0.05986394557823129,425,44,381,691
0.0675,0.0761904761904762,0.10476190476190476,0.05986394557823129,420,44,376,691
0.068,0.07665505226480836,0.10653753026634383,0.05986394557823129,413,44,369,691
0.0685,0.07543859649122807,0.10617283950617284,0.058503401360544216,405,43,362,692
0.069,0.07624113475177305,0.10941475826972011,0.058503401360544216,393,43,350,692
0.0695,0.07685433422698838,0.11197916666666667,0.058503401360544216,384,43,341,692
0.07,0.0774077407740774,0.11436170212765957,0.058503401360544216,376,43,333,692
0.0705,0.0760180995475113,0.11351351351351352,0.05714285714285714,370,42,328,693
0.071,0.0712979890310786,0.10863509749303621,0.053061224489795916,359,39,320,696
0.0715,0.07175712971481141,0.11079545454545454,0.053061224489795916,352,39,313,696
0.072,0.07215541165587419,0.11271676300578035,0.053061224489795916,346,39,307,696
0.0725,0.0687732342007435,0.10850439882697947,0.050340136054421766,341,37,304,698
0.073,0.06741573033707865,0.10810810810810811,0.04897959183673469,333,36,297,699
0.0735,0.06766917293233082,0.1094224924012158,0.04897959183673469,329,36,293,699
0.074,0.0683111954459203,0.11285266457680251,0.04897959183673469,319,36,283,699
0.0745,0.06850618458610847,0.11392405063291139,0.04897959183673469,316,36,280,699
0.075,0.06704980842911877,0.11326860841423948,0.047619047619047616,309,35,274,700
0.0755,0.06538461538461539,0.11147540983606558,0.04625850340136054,305,34,271,701
0.076,0.06576402321083172,0.11371237458193979,0.04625850340136054,299,34,265,701
0.0765,0.0641399416909621,0.11224489795918367,0.044897959183673466,294,33,261,702
0.077,0.06256109481915934,0.1111111111111111,0.04353741496598639,288,32,256,703
0.0775,0.06096361848574238,0.1099290780141844,0.04217687074829932,282,31,251,704
0.078,0.05928853754940711,0.10830324909747292,0.04081632653061224,277,30,247,705
0.0785,0.0594059405940594,0.10909090909090909,0.04081632653061224,275,30,245,705
0.079,0.05771144278606965,0.10740740740740741,0.03945578231292517,270,29,241,706
0.0795,0.058174523570712136,0.11068702290076336,0.03945578231292517,262,29,233,706
0.08,0.05858585858585859,0.11372549019607843,0.03945578231292517,255,29,226,706
0.0805,0.05894308943089431,0.11646586345381527,0.03945578231292517,249,29,220,706
0.081,0.05725971370143149,0.11522633744855967,0.0380952380952381,243,28,215,707
0.0815,0.05572755417956656,0.11538461538461539,0.036734693877551024,234,27,207,708
0.082,0.05399792315680166,0.11403508771929824,0.03537414965986395,228,26,202,709
0.0825,0.052083333333333336,0.1111111111111111,0.034013605442176874,225,25,200,710
0.083,0.05219206680584551,0.11210762331838565,0.034013605442176874,223,25,198,710
0.0835,0.05246589716684155,0.11467889908256881,0.034013605442176874,218,25,193,710
0.084,0.05268703898840885,0.11682242990654206,0.034013605442176874,214,25,189,710
0.0845,0.05279831045406547,0.1179245283018868,0.034013605442176874,212,25,187,710
0.085,0.05291005291005291,0.11904761904761904,0.034013605442176874,210,25,185,710
0.0855,0.053134962805526036,0.12135922330097088,0.034013605442176874,206,25,181,710
0.086,0.053134962805526036,0.12135922330097088,0.034013605442176874,206,25,181,710
0.0865,0.0536480686695279,0.12690355329949238,0.034013605442176874,197,25,172,710
0.087,0.05370569280343716,0.12755102040816327,0.034013605442176874,196,25,171,710
0.0875,0.05382131324004306,0.12886597938144329,0.034013605442176874,194,25,169,710
0.088,0.05393743257820928,0.13020833333333334,0.034013605442176874,192,25,167,710
0.0885,0.05194805194805195,0.12698412698412698,0.0326530612244898,189,24,165,711
0.089,0.0499457111834962,0.12365591397849462,0.031292517006802724,186,23,163,712
0.0895,0.05005440696409141,0.125,0.031292517006802724,184,23,161,712
0.09,0.05005440696409141,0.125,0.031292517006802724,184,23,161,712
0.0905,0.05021834061135371,0.1270718232044199,0.031292517006802724,181,23,158,712
0.091,0.04819277108433735,0.12359550561797752,0.029931972789115645,178,22,156,713
0.0915,0.046153846153846156,0.12,0.02857142857142857,175,21,154,714
0.092,0.0462046204620462,0.1206896551724138,0.02857142857142857,174,21,153,714
0.0925,0.046255506607929514,0.12138728323699421,0.02857142857142857,173,21,152,714
0.093,0.04640883977900553,0.12352941176470589,0.02857142857142857,170,21,149,714
0.0935,0.04656319290465632,0.12574850299401197,0.02857142857142857,167,21,146,714
0.094,0.046822742474916385,0.12962962962962962,0.02857142857142857,162,21,141,714
0.0945,0.046822742474916385,0.12962962962962962,0.02857142857142857,162,21,141,714
0.095,0.0447427293064877,0.12578616352201258,0.027210884353741496,159,20,139,715
0.0955,0.04479283314669653,0.12658227848101267,0.027210884353741496,158,20,138,715
0.096,0.04484304932735426,0.12738853503184713,0.027210884353741496,157,20,137,715
0.0965,0.04499437570303712,0.12987012987012986,0.027210884353741496,154,20,134,715
0.097,0.04504504504504504,0.13071895424836602,0.027210884353741496,153,20,133,715
0.0975,0.04509582863585118,0.13157894736842105,0.027210884353741496,152,20,132,715
0.098,0.04293785310734463,0.12666666666666668,0.02585034013605442,150,19,131,716
0.0985,0.036322360953461974,0.1095890410958904,0.021768707482993196,146,16,130,719
0.099,0.03424657534246575,0.10638297872340426,0.02040816326530612,141,15,126,720
0.0995,0.03428571428571429,0.10714285714285714,0.02040816326530612,140,15,125,720
0.1,0.03428571428571429,0.10714285714285714,0.02040816326530612,140,15,125,720
